pos,variant_3letter,Phi1,Phi2,Phi_Diff,Psi1,Psi2,Psi_Diff,Omega1,Omega2,Omega_Diff
66,VAL,-58.51,-66.01,-7.5,-34.16,-33.21,0.96,177,-172.84,10.16
67,THR,-58.74,-74.47,-15.73,-46.55,-43.62,2.93,174.62,-176.91,8.47
68,ALA,-62.59,-63.93,-1.34,-43.28,-39.86,3.42,-179.25,-179.48,-0.23
69,ILE,-72.06,-65.74,6.32,-38.07,-40.79,-2.73,-178.2,176.65,-5.15
70,THR,-68.02,-61.37,6.65,-35.64,-49.8,-14.16,177.07,-179.91,3.02
71,ILE,-59.82,-62.43,-2.62,-42.34,-36.67,5.67,172.32,178.91,6.59
72,MET,-62.35,-65.36,-3.01,-44.11,-49.34,-5.23,179.34,177.33,-2.01
73,ALA,-64.96,-60.83,4.13,-54.32,-32.63,21.7,-179.95,176.51,-3.54
74,LEU,-53.17,-60.29,-7.13,-48.03,-57.44,-9.41,177.55,177.51,-0.04
75,TYR,-66.66,-62.42,4.24,-24.1,-37.25,-13.15,-179.51,-177.89,1.62
76,SER,-73.05,-69.49,3.56,-43.83,-45.23,-1.4,176.63,-177.3,6.07
77,ILE,-59.83,-66.28,-6.45,-53.07,-46.52,6.55,175.57,-177.13,7.3
78,VAL,-58.09,-62.43,-4.34,-37.44,-39.24,-1.8,179.75,-179.29,0.96
79,CYS,-70.82,-64.34,6.48,-49.32,-49.33,-0.01,-179.32,178.65,-2.03
80,VAL,-63.42,-64.7,-1.28,-57.94,-45.97,11.96,-178.26,-177.03,1.23
81,VAL,-68.14,-64.84,3.29,-31.25,-41.19,-9.94,-178.06,-179.84,-1.78
82,GLY,-65.7,-65.62,0.08,-54.13,-43.83,10.3,177.51,179.51,2
83,LEU,-57.86,-68.29,-10.43,-55.51,-42.18,13.33,176.87,-179.76,3.37
84,PHE,-49.93,-66.32,-16.39,-54.43,-47.91,6.52,179.32,-178.27,2.41
85,GLY,-59.39,-64.26,-4.87,-50.11,-37.83,12.28,-179.18,-176.51,2.68
86,ASN,-69,-82.61,-13.61,-39.25,-34.32,4.93,-177.57,-176.04,1.53
87,PHE,-59.94,-67.43,-7.5,-43.7,-31.33,12.37,173.39,173.34,-0.05
88,LEU,-58.77,-65.98,-7.21,-48.43,-40.84,7.59,177.34,175.33,-2
89,VAL,-59.14,-62.78,-3.63,-54.63,-46.44,8.19,179.84,176.48,-3.36
90,MET,-56.3,-65.41,-9.11,-47.42,-34.18,13.24,179.78,-179.46,0.76
91,TYR,-57.86,-66.01,-8.15,-45.31,-48.35,-3.04,177.87,176.73,-1.14
92,VAL,-62.06,-61.58,0.48,-43.95,-37.41,6.55,179.85,-178.86,1.29
93,ILE,-60.59,-67.92,-7.33,-45.48,-47.74,-2.26,177.66,179.12,1.46
94,VAL,-66.46,-68.08,-1.62,-40.96,-35.86,5.1,-178.66,-177.55,1.11
95,ARG,-72.1,-85.03,-12.93,-50.34,-40.08,10.26,-171.05,-174.46,-3.4
96,TYR,-88.89,-115.77,-26.87,140.32,-59.3,160.37,-174.94,-170.14,4.8
97,THR,-79.34,-74.59,4.75,-22.99,-30.98,-7.99,177.1,-169.93,12.98
98,LYS,-74.24,77.91,152.15,-24.87,2.03,26.9,177.83,169.37,-8.46
99,MET,-86.37,61.79,148.16,-3.28,43.25,46.52,-177.27,173.57,-9.16
100,LYS,-87.24,-88.89,-1.65,88.93,-16.18,-105.11,-179.79,176.57,-3.64
101,THR,-130.77,-112.19,18.59,166.8,158.7,-8.09,175.26,-173.75,10.99
102,ALA,-54.61,-59.62,-5.02,-52.19,-38.83,13.35,-179.64,177.68,-2.67
103,THR,-51.43,-64.55,-13.12,-48.1,-44.94,3.16,177.55,-176.96,5.49
104,ASN,-70.43,-69.07,1.37,-23.75,-28.86,-5.1,-178.92,179.37,-1.71
105,ILE,-69.22,-65.98,3.23,-48.48,-39.39,9.09,173.45,175.16,1.71
106,TYR,-56,-69.97,-13.97,-48.33,-41.04,7.28,175.12,176.17,1.06
107,ILE,-55.56,-63.35,-7.79,-38.38,-43.91,-5.54,176.53,-178.87,4.6
108,PHE,-61.17,-63.86,-2.69,-46.42,-42.7,3.72,176.9,179.05,2.15
109,ASN,-56.54,-61,-4.46,-48.7,-36.79,11.91,178.2,177.76,-0.43
110,LEU,-55.11,-69.76,-14.65,-50.14,-43.77,6.37,178.57,178.23,-0.34
111,ALA,-60.95,-65.44,-4.49,-37.11,-39.53,-2.42,-179.64,-179.11,0.53
112,LEU,-60.55,-62.98,-2.43,-54.38,-44.95,9.43,176.88,178.09,1.2
113,ALA,-53.45,-64.73,-11.28,-51.68,-40.78,10.9,178.68,178.57,-0.11
114,ASP,-56.74,-68.32,-11.58,-44.46,-35.25,9.21,179.92,-179.54,0.54
115,ALA,-58.11,-67.5,-9.39,-40.85,-41.42,-0.57,178.2,175.83,-2.37
116,LEU,-64.25,-66.94,-2.68,-50.15,-35.79,14.36,177.58,178.75,1.17
117,ALA,-56.42,-61.08,-4.66,-49.1,-48.86,0.24,178.77,177.99,-0.78
118,THR,-59.95,-73.18,-13.23,-33.59,-15.89,17.7,177.85,-179.61,2.54
119,SER,-61.87,-68.97,-7.1,-37.1,-15.22,21.88,175.86,177.05,1.19
120,THR,-80.35,-82.63,-2.28,-14.48,-14.81,-0.33,179.31,176.11,-3.2
121,LEU,-49.32,-63.65,-14.33,-54.64,-37.84,16.79,177.01,-174.51,8.48
122,PRO,-59.27,-58.44,0.83,-30.58,-35.3,-4.72,-172.51,175.1,-12.39
123,PHE,-70.58,-65.56,5.03,-28.52,-42.73,-14.21,179.51,174.27,-5.24
124,GLN,-75.75,-68.51,7.24,-39.93,-35.54,4.38,-179.19,-178.35,0.84
125,SER,-61.9,-62.02,-0.13,-39.53,-55.42,-15.89,-178.15,177.17,-4.69
126,VAL,-72.86,-55.41,17.46,-25.12,-41.8,-16.68,177.35,178.4,1.05
127,ASN,-65.43,-57.96,7.47,-41,-32.95,8.05,172.29,176.46,4.17
128,TYR,-58.3,-77.23,-18.93,-45.01,-46.04,-1.02,176.96,177.54,0.58
129,LEU,-79.24,-49.62,29.62,-41.87,-66.11,-24.23,-173.16,178.11,-8.73
130,MET,-74.8,-72.22,2.58,-40.23,-8.4,31.83,-177.58,-175.18,2.4
131,GLY,88.89,58.76,-30.13,15.56,32.1,16.54,-175.46,-174.32,1.14
132,THR,-152.18,-167.75,-15.57,159.34,144.35,-14.99,-178.48,-171.73,6.76
133,TRP,-105.71,-84.72,20.99,105.54,112.09,6.55,173.95,174.61,0.67
134,PRO,-85.87,-100.73,-14.86,-23.55,2.89,26.44,-177.18,-176.99,0.19
135,PHE,-73.65,-92.22,-18.58,3.16,-1.96,-5.12,-164.59,-168.62,-4.04
136,GLY,96.56,91.13,-5.43,-164.07,178.42,-17.51,172.8,175.93,3.14
137,ASN,-91.84,-75.44,16.4,-53.68,-39.8,13.88,-175.29,-174.02,1.27
138,ILE,-61.13,-66.42,-5.29,-48.85,-45.73,3.12,-176.39,-177.11,-0.72
139,LEU,-59.59,-68.82,-9.22,-33.05,-29.63,3.43,-179.63,179.77,-0.6
140,CYS,-63.48,-62.02,1.47,-52.55,-44.87,7.68,175.78,174.91,-0.86
141,LYS,-50.09,-64.71,-14.62,-49.21,-39.67,9.54,176.09,177.17,1.08
142,ILE,-53.28,-69.72,-16.44,-50.48,-46.86,3.62,176.37,-175.39,8.24
143,VAL,-58.94,-69.26,-10.32,-55.93,-41.45,14.48,-177.22,-175.7,1.52
144,ILE,-60.92,-63.64,-2.72,-43.5,-44.07,-0.56,-179.03,178.9,-2.07
145,SER,-56.19,-64.41,-8.22,-46.78,-45.5,1.28,178.05,-179.75,2.2
146,ILE,-61.03,-59.04,1.99,-38.25,-39.47,-1.22,177.67,176.25,-1.42
147,ASP,-57.71,-66.81,-9.1,-57.65,-45.04,12.61,177.97,-176.9,5.13
148,TYR,-60.17,-70.17,-9.99,-45.48,-42.09,3.39,179.82,177.29,-2.53
149,TYR,-55.58,-56.26,-0.68,-41.98,-44.43,-2.45,177.38,-178.62,4
150,ASN,-61.89,-90.83,-28.93,-53.1,-19.13,33.97,177.5,-171.2,11.3
151,MET,-51.91,-57.75,-5.85,-41.56,-49.1,-7.54,179.89,163.11,-16.78
152,PHE,-79.4,-73.86,5.54,-58.2,-39.36,18.84,-178.57,-177.45,1.12
153,THR,-57.43,-63.14,-5.71,-34.01,-43.35,-9.34,-177.33,178.74,-3.93
154,SER,-59.02,-60.7,-1.68,-61.16,-48.83,12.33,178.08,175.67,-2.41
155,ILE,-68.07,-68.52,-0.45,-30.72,-42.53,-11.81,-176.57,-175.48,1.08
156,PHE,-64.34,-66.97,-2.63,-40.76,-31.39,9.37,174.39,-179.53,6.08
157,THR,-65.23,-70.39,-5.16,-38.96,-40.68,-1.71,177.89,179,1.11
158,LEU,-61.21,-72.7,-11.49,-37.67,-27.28,10.38,174.69,179.26,4.57
159,CYS,-62.38,-64.7,-2.32,-53.66,-41.07,12.59,176.65,168.21,-8.45
160,THR,-60.09,-62.07,-1.97,-29.71,-39.77,-10.06,179.13,179.19,0.07
161,MET,-69.68,-64.47,5.21,-42.85,-31.98,10.87,176.3,176.69,0.4
162,SER,-65.1,-70.48,-5.38,-41.13,-45.7,-4.57,177.47,175.44,-2.03
163,VAL,-63.45,-62.47,0.98,-47.47,-39.39,8.08,177.33,177.79,0.45
164,ASP,-63.08,-60.41,2.67,-35.89,-42.82,-6.93,-179.82,179.52,-0.66
165,ARG,-64.02,-72.05,-8.03,-49.88,-35.87,14.01,176.52,178.89,2.37
166,TYR,-55.63,-61.71,-6.08,-41.01,-43.21,-2.2,178.04,174.97,-3.07
167,ILE,-66.69,-64.26,2.43,-51.1,-39.16,11.94,178.42,179.24,0.82
168,ALA,-55.62,-60.23,-4.62,-37.38,-38.31,-0.93,-178.27,-178.65,-0.38
169,VAL,-83.71,-89.77,-6.05,-51.7,-45.03,6.67,-178.31,-175.47,2.83
170,CYS,-87.1,-92.87,-5.77,-13.94,-19.21,-5.26,-170.67,-171.01,-0.35
171,HIS,-139.88,-135.38,4.5,66.57,63.54,-3.03,179.08,176.29,-2.78
172,PRO,-59.29,-62.5,-3.21,-45.21,-28.79,16.41,-174.42,-173.33,1.09
173,VAL,-63.57,-70.4,-6.83,-42.55,-48.48,-5.94,-179.39,177.6,-3
174,LYS,-72.47,-64.61,7.86,-30.15,-25.91,4.24,173.91,175.75,1.85
175,ALA,-62.08,-59.89,2.18,-43.97,-28.21,15.75,-178.27,177.22,-4.51
176,LEU,-61.77,-62.76,-0.99,-19.99,-31.77,-11.78,-176.61,178.95,-4.43
177,ASP,-78.31,-89.01,-10.7,-57.01,-33.62,23.39,-179.59,177.21,-3.2
178,PHE,-107.63,-80.44,27.2,7.88,-35.21,-43.1,-172.54,-173.7,-1.16
179,ARG,-88.25,-92.61,-4.37,26.66,44.86,18.2,175.55,-167.09,17.36
180,THR,-69.26,-99.66,-30.39,144.82,153.36,8.54,171.28,176.54,5.25
181,PRO,-62.54,-58.67,3.87,-22.45,-33.83,-11.37,-176.81,172.88,-10.3
182,ARG,-64.24,-62.78,1.46,-35.33,-44.81,-9.48,178.05,178.75,0.7
183,ASN,-66.64,-71.61,-4.97,-36.82,-30.86,5.96,176.26,-179.47,4.27
184,ALA,-63.94,-63.3,0.65,-39.92,-39.32,0.6,176.18,177.02,0.83
185,LYS,-63.18,-69.68,-6.5,-42.95,-37.7,5.25,176.07,176.55,0.47
186,ILE,-60.61,-62.57,-1.96,-50.11,-42.5,7.61,178.25,176.36,-1.9
187,VAL,-65.93,-64.31,1.62,-29.16,-42.22,-13.06,-179.87,-179.01,0.86
188,ASN,-64.94,-58.33,6.61,-44.54,-37.96,6.58,172.18,176.48,4.3
189,VAL,-56.71,-69.31,-12.6,-50.33,-45.36,4.97,175.07,178.81,3.74
190,CYS,-59.48,-59.64,-0.17,-39.01,-42.88,-3.86,179.03,177.88,-1.15
191,ASN,-53.62,-64,-10.38,-51.73,-35.42,16.31,173.46,177.42,3.96
192,TRP,-65.23,-68.46,-3.23,-26.05,-39.25,-13.2,-179.32,177.29,-3.39
193,ILE,-75.69,-60.47,15.22,-50.02,-42.62,7.4,177.28,175.31,-1.97
194,LEU,-54.06,-64.4,-10.34,-44.69,-43.02,1.67,174.32,177.85,3.53
195,SER,-67.93,-61.94,5.99,-24.95,-28.05,-3.1,177.03,176.61,-0.43
196,SER,-68.43,-67.61,0.82,-31.74,-21.8,9.94,176.54,-179.68,3.78
197,ALA,-56.37,-60.49,-4.12,-30.34,-22.38,7.96,177.43,178.96,1.53
198,ILE,-101.28,-115.07,-13.79,-32.52,-35.77,-3.24,176.92,173.71,-3.21
199,GLY,-72.21,-64.32,7.9,-39.63,-34.8,4.83,-175.25,-176.7,-1.44
200,LEU,-62.76,-78.88,-16.13,-51.85,-47.08,4.76,-179.89,179.3,-0.81
201,PRO,-62.94,-58.5,4.44,-32.16,-36.3,-4.15,178.62,177.48,-1.14
202,VAL,-62.62,-68.74,-6.12,-36.83,-24.65,12.18,175.63,-178.95,5.42
203,MET,-69.48,-64.03,5.45,-33.11,-34.66,-1.54,177.49,174.37,-3.11
204,PHE,-73.13,-80.34,-7.2,-43.2,-39.02,4.18,178.19,174.29,-3.9
205,MET,-85.13,-73.36,11.77,1.62,-32.38,-34.01,-174.83,-175.51,-0.67
206,ALA,-88.63,-68.13,20.5,141.17,138.32,-2.85,175.66,-174.74,9.6
207,THR,-165.73,-162.77,2.96,-179.62,163.27,-17.11,-176.69,176.79,-6.52
208,THR,-97.84,-96.28,1.56,117.53,131.9,14.37,178.67,171.57,-7.1
209,LYS,-103.15,-138.11,-34.96,118.62,155,36.38,179.04,174.12,-4.92
210,TYR,-84.99,-75.81,9.18,139.05,140.07,1.02,-178.39,-176.85,1.55
211,ARG,-128.89,-145.13,-16.24,-179.24,94.25,-86.5,179.64,-177.51,2.86
212,GLN,-39.83,58.02,97.84,-48.19,49.69,97.88,-174.57,179.56,-5.87
213,GLY,-159.7,79.5,-120.8,51.35,-45.01,-96.36,-176.8,-176.21,0.59
214,SER,-170.12,-72.32,97.79,-173.33,167.1,-19.57,-178.2,176.67,-5.13
215,ILE,-147.78,-113.69,34.09,138.43,129.16,-9.28,-177.23,-174.55,2.68
216,ASP,-120.73,-109.82,10.9,143.67,123.26,-20.41,177.99,177.03,-0.95
217,CYS,-107.42,-84.88,22.54,46.51,101.92,55.41,173.92,168.74,-5.18
218,THR,-86.42,-133.44,-47.02,161.76,-174.45,23.8,179.81,-169.03,11.16
219,LEU,-86.04,-112.95,-26.91,122.45,138.15,15.7,170.91,179.63,8.73
220,THR,-121.35,-109.9,11.44,148.64,135.4,-13.24,-176.47,175.1,-8.44
221,PHE,-126.78,-116.7,10.08,164.52,162.44,-2.08,-178,-171.25,6.75
222,SER,-77.85,-71.22,6.63,168.85,167.72,-1.13,173.77,173.95,0.18
223,HIS,-71.84,-80.39,-8.55,141.38,140.34,-1.05,179.43,177.54,-1.9
224,PRO,-79.2,-83.42,-4.22,127.05,139.12,12.06,-3.33,-6.96,-3.62
225,THR,-67.68,-62.53,5.15,-48.97,-36.38,12.59,-173.82,-173.56,0.27
226,TRP,-56.62,-66.19,-9.56,-29.65,-20.85,8.8,-179,-177.63,1.36
227,TYR,-63.68,-81.38,-17.7,-59.62,-57.34,2.28,-179.48,174.07,-6.45
228,TRP,-64.46,-70.51,-6.05,-39.45,-30.74,8.72,-178.95,-170.65,8.3
229,GLU,-56.34,-65.94,-9.6,-60.14,-43.42,16.72,176.97,176.48,-0.49
230,ASN,-60.84,-72.94,-12.1,-28.53,-32.16,-3.63,-179.67,-180,-0.33
231,LEU,-66.23,-61.01,5.22,-47.54,-41.66,5.88,176.31,173.59,-2.71
232,LEU,-57.5,-60.95,-3.45,-47.82,-47.32,0.5,175.32,177.4,2.08
233,LYS,-54.68,-59.41,-4.73,-39.04,-40.61,-1.57,178.14,178.97,0.83
234,ILE,-64.31,-67.29,-2.98,-51.96,-43.55,8.41,176.5,179.48,2.98
235,CYS,-58.79,-65.02,-6.23,-46.02,-38.01,8.02,-176.78,180,-3.22
236,VAL,-65.23,-63.8,1.42,-37.78,-43.65,-5.87,176.32,175.93,-0.39
241,PHE,-135.63,-98.52,37.12,-71.26,-17.08,54.19,179.73,-179.34,0.93
242,ILE,-58.11,-126.81,-68.7,-65.83,-60,5.83,-174.99,-178.34,-3.35
243,MET,-51.99,-62.97,-10.98,-49.02,-56.63,-7.61,-178.48,-171.65,6.83
244,PRO,-61.56,-58.27,3.29,-42.93,-46.45,-3.52,178.77,179.21,0.44
245,VAL,-58.75,-61.64,-2.89,-43.6,-39.68,3.92,177.2,178.25,1.05
246,LEU,-60.94,-63.07,-2.13,-42.54,-40.08,2.46,177.42,177.73,0.3
247,ILE,-60.86,-67.03,-6.17,-46.03,-41.66,4.37,178.23,178.16,-0.08
248,ILE,-58.08,-63.57,-5.49,-45.82,-50.06,-4.24,177.1,-176.81,6.09
249,THR,-59.31,-74.31,-15,-43.98,-33.36,10.62,178.88,-172.5,8.62
250,VAL,-63.09,-71.45,-8.36,-40.92,-39.48,1.44,177.41,178.86,1.45
251,CYS,-60.43,-72.76,-12.32,-42.5,-44.42,-1.93,177.18,-179.65,3.17
252,TYR,-67.93,-64.81,3.12,-47.45,-48.56,-1.12,-178.86,-179.07,-0.21
253,GLY,-59.75,-68.13,-8.38,-48.83,-36.17,12.66,178.73,178.96,0.23
254,LEU,-59.61,-63.93,-4.32,-32.15,-45.89,-13.74,177.31,177.32,0.01
255,MET,-68.44,-66.72,1.72,-51.6,-31.78,19.83,179.62,177.04,-2.58
256,ILE,-56.72,-64.62,-7.9,-38.25,-44.83,-6.58,174.87,176.47,1.6
257,LEU,-66.64,-66.88,-0.24,-39.36,-39.73,-0.37,-177,179.32,-3.68
262,VAL,-97.75,-80.19,17.56,119.47,-10.69,-130.16,-177.43,177.93,-4.64
271,LYS,-71.25,-121.62,-50.37,162.09,117.31,-44.78,-169.46,179.13,-11.41
272,ASP,-70.9,-110.79,-39.89,156.38,120.13,-36.25,179,177.75,-1.25
273,ARG,-76.28,-43.91,32.37,-13.28,-12.61,0.67,-178.46,-178.37,0.1
274,ASN,-57.57,-122.79,-65.22,-44.93,-76.91,-31.98,177.79,-175.24,6.98
275,LEU,-56.5,-89.27,-32.76,-48.18,71.39,119.57,177.46,-165.6,16.94
276,ARG,-61.11,-66.02,-4.9,-43.99,-27.92,16.07,179.67,-179.36,0.98
277,ARG,-63.59,-67.99,-4.4,-48.47,-41.74,6.73,-179.31,178.88,-1.81
278,ILE,-66.06,-66.26,-0.2,-40.13,-28.6,11.53,-179.83,177.68,-2.5
279,THR,-59.2,-75.94,-16.74,-46.79,-44,2.8,176.01,176.97,0.96
280,ARG,-55.02,-61.82,-6.79,-48.89,-35.47,13.42,175.13,177.47,2.35
281,MET,-53.38,-67.18,-13.79,-59.24,-49.11,10.13,179.28,-178.37,2.34
282,VAL,-56.86,-63.54,-6.67,-44.81,-34.91,9.9,-178.66,178.73,-2.61
283,LEU,-55.5,-67.68,-12.17,-50.66,-35.69,14.96,177.78,178.93,1.15
284,VAL,-61.92,-63.82,-1.9,-43.2,-40.74,2.46,-179.24,176.49,-4.27
285,VAL,-56.19,-70.5,-14.31,-48.91,-39.95,8.97,176.38,-178.57,5.05
286,VAL,-58.12,-71.2,-13.08,-45.22,-44.95,0.27,178.26,-178.64,3.1
287,ALA,-59.58,-61,-1.42,-47.68,-39.21,8.47,179.1,178.11,-0.99
288,VAL,-58.3,-62.31,-4.01,-45.1,-43.79,1.31,177.49,177.44,-0.05
289,PHE,-57.26,-66.27,-9.01,-47.58,-38.08,9.49,177.39,178.85,1.46
290,ILE,-60.4,-60.1,0.3,-45.28,-46.85,-1.56,-179.41,176.63,-3.97
291,VAL,-58.87,-62.86,-3.99,-36.13,-33.29,2.84,177.98,-179.54,2.48
292,CYS,-82.14,-70.52,11.62,-29.29,-50.84,-21.55,-177.49,-178.8,-1.31
293,TRP,-105.53,-66.39,39.14,-19.14,-31.06,-11.92,-172.55,-174.88,-2.33
294,THR,-60.71,-75.16,-14.45,-48.58,-43.23,5.34,179.59,177.92,-1.67
295,PRO,-58.8,-64.32,-5.52,-37.08,-39.11,-2.04,-177.74,179.13,-3.13
296,ILE,-76.5,-62.77,13.73,-39.68,-46.01,-6.32,-178.41,178.62,-2.98
297,HIS,-59.95,-59.63,0.32,-36.56,-43.1,-6.54,177.33,178.38,1.05
298,ILE,-75.35,-69.98,5.37,-46.68,-43.05,3.62,178.17,-176.56,5.27
299,TYR,-54.86,-66.01,-11.14,-41.94,-37.95,3.99,-178.04,-178.43,-0.39
300,VAL,-61.02,-80.19,-19.17,-50.89,-31.65,19.24,-179.88,-173.99,5.88
301,ILE,-59.57,-106.44,-46.87,-42.67,-26.98,15.69,179.62,-171.11,9.27
302,ILE,-57.13,-61.09,-3.95,-53.81,-45.63,8.18,178.12,-179.82,2.05
303,LYS,-60.12,-57.78,2.34,-34.84,-49.51,-14.67,-179.94,-175.01,4.93
304,ALA,-63.43,-68.59,-5.16,-25.94,-34.92,-8.98,-177.5,-176.07,1.43
305,LEU,-123.71,-67.05,56.66,-4.79,-40.85,-36.05,-174.34,179.56,-6.1
306,ILE,-139.36,-70.58,68.78,167.87,-38.37,153.76,167.21,178.51,11.3
307,THR,-98.48,-60.09,38.38,131.99,-43.18,-175.17,-179.96,178.49,-1.55
308,ILE,-105.03,-63.14,41.88,129.4,-40.31,-169.71,-177.13,179.93,-2.94
309,PRO,-59.41,-66.2,-6.79,106.25,-43.34,-149.59,179.74,179.91,0.17
310,GLU,-61.73,-64.75,-3.02,109.21,-41.09,-150.3,-174.21,-177.27,-3.06
311,THR,-132.54,-66.67,65.87,170.5,-23.95,165.56,173.94,177.32,3.39
312,THR,-63.26,-75.12,-11.86,-33.59,-23.63,9.96,176.05,175.02,-1.03
313,PHE,-58.1,-96.7,-38.6,-38.46,-43.24,-4.78,178.94,-174.92,6.14
314,GLN,-62.26,-127.49,-65.23,-49.58,162.72,-147.7,-178.88,-175.5,3.37
315,THR,-68.56,-100.47,-31.91,-38,124,162,-178.67,173.3,-8.04
316,VAL,-59.96,-108.39,-48.43,-53.22,148.46,-158.32,176.67,-172.95,10.37
317,SER,-60.76,-72.59,-11.83,-40.6,119.41,160,179.56,-175.1,5.34
318,TRP,-59.85,-66.32,-6.47,-59.82,100.46,160.28,179.84,-177.22,2.94
319,HIS,-64.66,-127.14,-62.48,-23.94,178.76,-157.3,-179.22,-179.72,-0.5
320,PHE,-68.53,-65.68,2.85,-43.91,-41.78,2.14,175.04,177.29,2.24
321,CYS,-64.03,-66.56,-2.53,-48.75,-37.07,11.68,177.96,-178.32,3.72
322,ILE,-54.15,-65.18,-11.02,-46.74,-45.7,1.03,174.28,176.81,2.53
323,ALA,-55.43,-60.34,-4.91,-58.97,-50.53,8.44,-178.91,180,-1.09
324,LEU,-61.79,-64.06,-2.27,-33.71,-43.63,-9.92,-178.61,-177.64,0.96
325,GLY,-53.36,-65.03,-11.67,-38,-33.44,4.56,171.07,-179.3,9.64
326,TYR,-81.3,-63.9,17.4,-23.44,-48.84,-25.4,173.93,179.14,5.21
327,THR,-73.28,-71.21,2.06,-28.41,-28.38,0.02,-173.49,-179.65,-6.16
328,ASN,-48.15,-67.63,-19.48,-42.23,-40.05,2.18,172.94,174.81,1.87
329,SER,-58.4,-67.04,-8.64,-33.02,-39.06,-6.04,-178.01,177.8,-4.19
330,CYS,-92.61,-57.67,34.94,-20.09,-48.94,-28.84,177.58,172.2,-5.38
331,LEU,-68.54,-62.18,6.35,-36.62,-36.45,0.17,176.14,-178.14,5.72
332,ASN,-52.96,-59.97,-7.01,-55.79,-38.92,16.87,-174.48,178.67,-6.86
333,PRO,-62.92,-60.09,2.83,-34.92,-39.2,-4.27,-175.34,177.32,-7.34
338,PHE,-74.46,-69.02,5.44,-43.46,-24.67,18.79,-174.99,174.32,-10.69
339,LEU,-91.67,-76.99,14.68,1.46,-32.08,-33.54,-170.58,176.02,-13.4
340,ASP,-137.74,-92.08,45.66,126.01,-23.71,-149.72,179.24,-176.19,4.57
341,GLU,-76.78,-55.78,21,-38.14,-38.88,-0.74,-175.55,177.54,-6.9
342,ASN,-64.48,-57.64,6.84,-34.22,-34.68,-0.46,175.5,173.33,-2.16
343,PHE,-69.92,-72.47,-2.54,-46.64,-49.23,-2.59,179.09,177.93,-1.16
344,LYS,-68.41,-69.7,-1.29,-24.63,-39.13,-14.49,177.41,-171.89,10.7
345,ARG,-69.8,-112.21,-42.42,-43.88,-12.51,31.37,176.04,-167.94,16.02
346,CYS,-64.38,-114.2,-49.82,-40.22,-67.89,-27.68,176.13,178.32,2.19
347,PHE,-60.88,-64.21,-3.33,-41.29,-22.39,18.9,177.74,-174.8,7.46
348,ARG,-68.27,-99.91,-31.64,-36.97,0.22,37.19,177.42,176.38,-1.05
349,GLU,-65.4,-65.92,-0.52,-29.96,143.37,173.33,178.43,173.41,-5.03
350,PHE,-82.74,-62.66,20.08,-25,-47.14,-22.14,176.35,-171.78,11.87
351,CYS,-91.9,-78.82,13.08,-60.81,-42.75,18.06,-178.3,-178.55,-0.24