pos,CA_Distance
67,5.365160293
68,3.743938078
69,2.757405325
70,3.051180607
71,2.744806804
72,1.893972334
73,1.765583466
74,1.729318519
75,1.692378559
76,2.096557597
77,1.633715197
78,1.529442606
79,1.728393172
80,1.703820598
81,1.596959008
82,1.792217443
83,2.235359183
84,1.482036424
85,1.098764753
86,1.67969882
87,1.501051867
88,0.806009096
89,1.118283679
90,1.371983448
91,0.633058045
92,1.241387368
93,2.052151248
94,1.535933091
95,1.486788022
96,2.3341452
97,2.577381808
98,2.424048186
99,3.942389909
100,6.202354047
101,5.660812869
102,3.63918264
103,2.67574385
104,2.056134938
105,2.296489234
106,2.287892005
107,1.759762955
108,1.52774155
109,1.688229673
110,1.325270102
111,1.424422498
112,1.387848509
113,0.886218268
114,0.89834163
115,1.092055128
116,1.142089446
117,0.687003244
118,0.638998188
119,1.506431068
120,1.46977153
121,1.243776145
122,1.237239095
123,1.089906548
124,0.879746338
125,1.470125375
126,1.50561974
127,1.086177171
128,1.206010673
129,1.348370059
130,1.179371883
131,1.261820262
132,1.548136245
133,2.162605363
134,2.047488924
135,1.725091614
136,1.846173728
137,1.206232755
138,1.280201355
139,1.024590636
140,1.232526228
141,1.0652564
142,0.86597465
143,0.641317942
144,0.964877018
145,0.730013667
146,0.78819057
147,0.927516427
148,1.411966388
149,1.440244326
150,1.14751117
151,1.388788874
152,2.104022911
153,1.980117429
154,1.320223837
155,1.494958904
156,1.758476126
157,1.707123657
158,1.1471481
159,1.105995871
160,1.584904626
161,1.327322674
162,0.880557485
163,0.819607034
164,0.795714477
165,0.670298179
166,0.284654933
167,0.254809729
168,0.679705301
169,1.134726796
170,1.306982831
171,1.634747464
172,2.077433246
173,2.592820435
174,2.602240068
175,3.19298539
176,2.821436466
177,1.821479198
178,2.684723959
179,3.101657366
180,2.777994438
181,0.829854377
182,1.196730738
183,1.774429128
184,2.068107003
185,1.109959837
186,0.99033665
187,1.400983042
188,1.147571497
189,0.286452751
190,0.789464935
191,1.094846084
192,0.813206647
193,0.594321389
194,0.725120325
195,0.732790403
196,0.362593955
197,0.261399677
198,0.492939067
199,1.016163846
200,0.949909339
201,0.653828455
202,0.200993963
203,0.283167972
204,0.680250206
205,0.849527312
206,0.632279642
207,0.35650377
208,0.290174363
209,0.624461194
210,0.892528586
211,0.663726152
212,1.725122389
213,2.901099448
214,3.360788846
215,1.710071587
216,1.47923129
217,1.161539643
218,1.384962035
219,0.890730564
220,1.097276881
221,1.275293603
222,2.13269139
223,2.313433548
224,4.403591931
225,4.321935702
226,3.071195207
227,2.437261667
228,2.438651413
229,2.058823173
230,1.736698985
231,1.277062167
232,0.74389884
233,1.039237544
234,0.429180139
235,0.487039426
236,0.969035846
237,0.975214158
238,0.932159922
239,1.346894568
240,1.640065771
241,1.666494184
242,1.648378254
243,1.51172572
244,1.242667621
245,1.837579191
246,2.233016671
247,1.627004487
248,1.452322699
249,1.99962413
250,1.967461856
251,2.389824743
252,2.270932151
253,1.245582797
254,2.491979402
255,3.2505415
256,2.56373489
257,1.928710543
258,3.329224789
259,3.805501085
260,3.084204292
261,3.007639129
262,4.713356669
263,6.087735446
264,5.020777134
265,4.493689476
272,9.438351601
273,9.329618432
274,13.70544329
275,9.986072891
276,9.738556513
277,10.50258255
278,9.103493862
279,7.086047926
280,7.967521293
281,8.21417628
282,6.256352407
283,5.324892576
284,6.627373071
285,5.836732034
286,3.134402109
287,3.299712764
288,3.899336644
289,2.880548912
290,1.270758079
291,2.064278976
292,1.97609735
293,1.202830688
294,0.232009371
295,0.453320242
296,0.817288823
297,0.916709217
298,0.84539547
299,0.865051249
300,1.11651116
301,1.217720935
302,0.949330282
303,1.032160834
304,1.48000699
305,1.456252086
306,0.923796591
307,1.200893938
308,1.868451803
309,2.363000236
310,1.939509636
311,3.034174857
312,2.984848422
313,2.442525147
314,1.823604756
315,1.518374928
316,1.572389872
317,1.641158716
318,1.685444841
319,1.386618394
320,1.336316732
321,1.317596798
322,1.0874086
323,0.559807441
324,0.696521792
325,1.338289664
326,1.346201751
327,1.253379433
328,1.626250984
329,2.032848492
330,2.111120016
331,1.839328746
332,2.038932439
333,2.553531476
334,2.643423638
335,2.421713284
336,3.88425596
337,4.050615504
338,5.075819882
339,6.598652995
340,5.406681624
341,2.248936153
342,3.589428581
343,5.655692118
344,4.815664361
345,3.965945843
346,4.855803112
347,5.02794086
348,4.597337219
349,4.439041309