pos,C6guano_distance
63,20.55028347
64,23.36505655
65,18.61393827
66,17.31481581
67,20.93514257
68,18.04467524
69,14.04188944
70,15.42606452
71,17.88682915
72,13.17077421
73,8.38114754
74,16.48512882
75,17.1815359
76,10.26433498
77,12.57475047
78,16.82395804
79,13.19652835
80,10.65556315
81,11.46956106
82,15.82581285
83,14.01383386
84,8.963427184
85,14.05233143
86,18.17295411
87,14.45190538
88,12.83287292
89,19.6510698
90,20.63662572
91,18.62894105
92,21.53915761
93,24.20560015
94,26.69518912
95,23.19374095
96,25.54123447
97,18.20533618
98,26.19318211
99,24.40250092
100,21.94566102
101,20.16374805
102,20.18716033
103,20.64927499
104,18.26667565
105,16.3142357
106,15.53671292
107,14.05363797
108,9.146817857
109,11.15810828
110,10.70371313
111,6.319811535
112,6.106760898
113,9.551444786
114,10.61609837
115,3.685755193
116,6.644558183
117,10.77475331
118,7.343637697
119,10.14004346
120,10.02448475
121,9.392490893
122,5.15909735
123,10.28423866
124,10.80536293
125,5.620107319
126,14.45063279
127,14.86806765
128,11.94464583
129,10.28383934
130,12.30339795
131,4.838178142
132,9.143674078
133,9.776149793
134,9.741881231
135,11.59050007
136,13.40003102
137,10.42571583
138,6.233912792
139,12.52911104
140,12.44588614
141,5.895016655
142,4.413933881
143,10.35877916
144,11.11941654
145,4.771976093
146,4.100563356
147,12.91463706
148,6.528980494
149,3.437423872
150,8.261063984
151,9.318653855
152,3.743148714
153,7.097049466
154,12.63630596
155,10.028417
156,9.804861214
157,12.60176271
158,14.88781935
159,12.35950986
160,15.60205923
161,18.712593
162,21.70866846
163,17.44982913
164,27.41157198
165,25.26651641
166,25.42491424
167,26.43758645
168,29.5516541
169,29.95217802
170,32.28902708
171,36.31281036
172,35.80677232
173,28.45488234
174,32.68423221
175,33.79112493
176,22.64689322
177,23.45988814
178,27.23521279
179,26.79805284
180,29.13325292
181,25.69654501
182,20.57433316
183,21.71566685
184,25.1170356
185,19.80862034
186,16.40414266
187,19.04517216
188,19.42696854
189,12.33608819
190,10.0095146
191,18.57273584
192,15.5967059
193,10.8104805
194,15.20668961
195,16.2073592
196,11.16144156
197,11.74229445
198,15.74291671
199,14.16296004
200,8.011218323
201,11.57803503
202,16.02697739
203,13.13742371
204,9.287220588
205,12.12565425
206,9.552216042
207,12.23304912
208,15.17072578
209,13.333509
210,17.55257656
211,15.87634995
212,12.98339773
213,11.00714524
214,9.009426451
215,4.889190655
216,7.84527491
217,8.154446166
218,14.2260043
219,14.0786299
220,18.39553108
221,22.77099948
222,20.94562401
223,17.91595386
224,22.82762633
225,19.16674001
226,19.21011753
227,12.69880246
228,12.02424408
229,13.70969352
230,7.902307414
231,8.077550155
232,12.85577714
233,11.16255784
234,4.567029132
235,9.107783615
236,12.16102392
237,14.61077969
238,6.641283102
239,9.962019213
240,11.83486074
241,15.53571884
242,11.39629143
243,12.36762825
244,18.29842985
245,16.1765968
246,12.98062507
247,17.61389101
248,22.17390345
249,20.67392927
250,16.64074467
251,25.48284754
252,27.41386513
253,22.31473221
254,24.61392091
255,30.01245191
256,34.78360138
257,28.88979583
258,31.38745213
259,37.21730929
260,33.07853223
261,42.15458716
262,35.11653112
263,31.4891885
264,37.46518349
265,41.86417671
266,40.32705299
267,39.7170708
268,35.03503088
269,40.09038697
270,36.67139718
271,32.86403976
272,30.95488357
273,31.56464167
274,33.24446025
275,27.00634469
276,26.88396244
277,24.92820005
278,23.4119286
279,21.67178225
280,20.57655883
281,21.81968827
282,18.17135193
283,14.65056779
284,16.11313383
285,15.87403781
286,12.33859883
287,9.2253381
288,14.05158174
289,14.52957407
290,8.740419456
291,3.695402216
292,11.21123068
293,10.06526696
294,5.095037465
295,3.605841145
296,11.75308856
297,12.71464201
298,4.432649266
299,8.310712575
300,13.53002938
301,8.498070847
302,10.5187565
303,13.36598296
304,19.66855421
305,19.29078585
306,16.1554744
307,20.00117649
308,17.14703394
309,20.65458895
310,20.20085358
311,18.42695024
312,15.6890302
313,16.23291925
314,17.88759645
315,14.05094746
316,5.533535941
317,10.31474036
318,13.30742311
319,8.18843949
320,3.682045112
321,8.72015028
322,10.09455345
323,3.931416253
324,3.917277822
325,8.627257049
326,4.683041113
327,2.985503759
328,8.268017851
329,11.57819951
330,7.870459755
331,10.11637415
332,14.41599936
333,13.96766315
334,12.6478699
335,15.54774017
336,21.0005351
337,20.0816594
338,21.13151096
339,24.77707363
340,26.0027312
341,18.32500524
342,22.15836292
343,28.01236704
344,27.19632043
345,23.92202467
399,0