pos,MP_distance
63,15.05873778
64,16.91460792
65,11.35650811
66,10.70158008
67,16.09185782
68,13.10938063
69,7.812058402
70,9.172951035
71,12.40754923
72,9.199184601
73,2.933761001
74,10.3497347
75,14.83637207
76,8.911210515
77,10.37142746
78,13.94271163
79,14.56802961
80,13.70711116
81,13.29450603
82,22.26347456
83,17.97351606
84,14.13087968
85,17.29957939
86,22.16597131
87,19.24220711
88,17.4467091
89,29.71272346
90,25.43530293
91,22.34218968
92,24.86001804
93,34.01345049
94,31.60888592
95,26.67749039
96,32.94093505
97,24.44474535
98,34.0003664
99,27.94168006
100,26.64866315
101,26.20405592
102,26.29428121
103,25.6778256
104,23.15457892
105,20.74609498
106,20.80492291
107,15.23121591
108,15.43428041
109,17.05612658
110,16.4467904
111,11.48506215
112,12.58431059
113,14.05444895
114,13.00174415
115,7.210595862
116,9.68121309
117,11.36586581
118,6.287489693
119,4.018388099
120,8.508296056
121,12.08947129
122,3.790421436
123,7.559905789
124,10.71765696
125,6.851968615
126,7.532168965
127,12.36496255
128,13.87959927
129,9.510696456
130,12.1755062
131,7.797108356
132,11.53157095
133,11.73129614
134,12.56776911
135,14.20370013
136,17.17859882
137,13.63045725
138,8.516893557
139,13.23920087
140,14.14595812
141,9.135590499
142,3.691098492
143,9.601538648
144,10.28016933
145,3.430412806
146,3.736494622
147,13.22488944
148,9.50669528
149,3.713650639
150,7.130027209
151,10.31825858
152,9.384250039
153,9.140840045
154,11.55070997
155,13.97715662
156,14.56652303
157,14.35688224
158,19.48001081
159,19.92542533
160,19.86744498
161,21.03437486
162,25.12707652
163,22.33060512
164,27.7994657
165,27.02906277
166,29.55002272
167,29.85449108
168,29.35696258
169,30.16917145
170,34.54253349
171,39.04984872
172,37.64402331
173,31.90957351
174,36.14030804
175,37.17785114
176,31.85024907
177,27.81814538
178,30.48534071
179,30.84940183
180,31.95396724
181,29.69648042
182,24.48016442
183,28.67850831
184,27.2011087
185,21.66835001
186,18.7919848
187,20.9569836
188,21.35221858
189,12.85178322
190,12.84119424
191,18.21453687
192,15.42397419
193,10.99039799
194,14.8226474
195,13.5209662
196,6.825988794
197,10.00183471
198,14.39034617
199,12.37389194
200,7.192083575
201,13.37558526
202,16.84215911
203,11.16481772
204,8.182166652
205,12.7755998
206,11.5727897
207,13.43681876
208,16.64240714
209,13.5066507
210,15.04237729
211,16.25628297
212,12.60031881
213,15.15375875
214,10.24978867
215,6.924230795
216,7.538177544
217,7.398047168
218,12.83543932
219,9.541005069
220,19.75853246
221,21.67656961
222,20.90103186
223,15.41093937
224,19.78290303
225,18.85305766
226,18.5836154
227,10.5047095
228,11.28171745
229,14.97433441
230,7.334102556
231,8.340254391
232,12.74502627
233,12.27525422
234,5.58835059
235,9.064558473
236,12.86894889
237,14.14268814
238,6.454463643
239,9.056002466
240,10.78029132
241,14.07236021
242,11.0654521
243,11.46027457
244,16.6523556
245,16.84692253
246,16.16019479
247,16.71585792
248,20.79004165
249,21.69813707
250,20.33521079
251,26.43567048
252,27.23975634
253,25.97557594
254,25.44821465
255,29.83942139
256,36.48985819
257,31.68094201
258,33.66780818
259,36.12368577
260,37.10727243
261,46.96599135
262,35.55768548
263,34.14930304
264,39.01782913
265,44.22767108
266,42.84312074
267,42.54088872
268,37.87734964
269,42.28205431
270,39.30530629
271,38.36069009
272,34.48560217
273,33.78880378
274,34.8861783
275,30.18267152
276,30.48249455
277,28.8165314
278,29.63556722
279,22.69213609
280,23.83840249
281,23.12689294
282,20.46308303
283,18.73779335
284,18.41207655
285,17.12371934
286,14.49324403
287,9.977228872
288,12.63087133
289,13.86955675
290,8.898873593
291,4.118062188
292,9.780741727
293,8.919911964
294,4.312786652
295,3.706046561
296,10.02576745
297,10.68256624
298,3.943570261
299,7.900452267
300,11.94072909
301,7.743687511
302,10.13118537
303,14.18034213
304,16.4328542
305,17.568832
306,15.39025015
307,17.09105395
308,12.35911978
309,14.80607749
310,14.5140064
311,15.76670693
312,10.33531345
313,9.239827041
314,11.14917725
315,11.36375969
316,6.354910276
317,4.001728839
318,11.21002371
319,8.939526974
320,3.516718215
321,6.685192774
322,8.683127992
323,4.146249933
324,2.891915822
325,7.942883432
326,10.09602358
327,8.364390895
328,9.934192419
329,13.36331286
330,12.23967019
331,13.89712297
332,16.36384258
333,16.93858177
334,16.28356237
335,20.78806694
336,19.9044492
337,22.95769013
338,25.07076151
339,28.15174954
340,30.61347182
341,23.98222636
342,26.56805016
343,32.69255799
344,31.48916905
345,25.28915362
346,32.73073163
347,35.82289818
348,26.95265717
349,34.5017084
350,28.98278616
499,0
500,13.9758507
501,12.8583405
599,17.453312
600,12.63441974
601,14.32844501
602,24.62544406
603,3.962640015
604,8.378694826
605,6.551785986
606,4.88507539