pos,Gbeta_distance
67,57.49101188844957
68,55.54199376102749
69,55.552204288899624
70,53.97017767124826
71,52.67273554586857
72,51.239612511415096
73,49.73276583021936
74,45.32220921024357
75,45.78935193460097
76,44.92969882626276
77,46.035646358675606
78,41.35551390905486
79,39.85673088356538
80,39.232320248246516
81,36.56801984378936
82,36.84712468379963
83,34.482446485444356
84,30.115264800588022
85,31.338481419224998
86,27.693046257265177
87,25.19561002221709
88,28.063980670044447
89,27.902416010654182
90,23.50253971986587
91,22.89631565291038
92,22.31412176465265
93,18.87804297006414
94,17.852346807895973
95,19.159619154024025
96,16.477911728589195
97,17.630684088813066
98,15.31845534602227
99,13.287592590428087
100,5.5941921138414985
101,15.595489029088101
102,5.625509601477
103,14.70307367986987
104,14.913911586046282
105,18.284215732712028
106,14.455434407331119
107,15.269873609007016
108,19.601458648414525
109,19.878291139038822
110,19.349018480039543
111,24.983108705175315
112,27.025112935859806
113,24.011727522440715
114,23.888632574892945
115,28.776412927279576
116,29.271367784854224
117,27.854951235357817
118,29.206804915331848
119,33.73646569042458
120,33.121984224062494
121,33.18697107156881
122,36.452456623511644
123,39.868575126601414
124,38.223421416164435
125,38.79107039587379
126,42.075687703549235
127,43.883824857010474
128,45.82765901490173
129,49.92289470544979
130,55.132566082912135
131,52.02152262944164
132,50.89218913089924
133,53.98534601511771
134,53.03474934110557
135,43.66981097073671
136,49.446020605815576
137,44.61427891010732
138,45.72703951087455
139,47.14534683908938
140,40.99317274126024
141,41.31952483789863
142,46.01523300745553
143,43.69737302153628
144,37.62877241208618
145,39.99900098407374
146,44.80289080353004
147,36.64545467261668
148,34.19019257991847
149,41.02532144158218
150,44.758341790577376
151,29.631883024460148
152,32.24825284527326
153,39.93805094427812
154,39.01321639642612
155,30.637476274035674
156,31.54914909509155
157,36.597289377613066
158,34.05225622078695
159,27.36450535385946
160,29.665845251531437
161,32.104952140810354
162,26.20801626145648
163,24.143348564053415
164,29.715553557535575
165,27.816629224965055
166,19.800102410913528
167,23.183004340477535
168,30.19374115501072
169,24.136520497289595
170,20.78720956121706
171,24.280859229768108
172,28.36487223100821
173,27.300428263297665
174,23.183478374794678
175,20.884795422653664
176,20.4899320682639
177,18.66627602234919
178,13.950097594865673
179,16.63528139301534
180,20.71619304519971
181,17.28509255681217
182,10.622404026655174
183,10.712746503533936
184,14.454353040690993
185,17.024774002108174
186,16.65165299391045
187,14.11536878313301
188,19.02110184643432
189,23.902915072311952
190,23.12775068091517
191,21.927151120570212
192,26.89807715252573
193,28.527734881384795
194,26.995043017498155
195,29.0031841676277
196,31.516156986854387
197,30.942958125397972
198,33.17435179288436
199,35.64610228319902
200,38.753529342901636
201,38.240562975036724
202,37.280904781829456
203,39.84962290259801
204,42.264656447196856
205,37.56785711707757
206,46.523383567747494
207,47.03668580648397
208,44.35138426584489
209,50.636675929842774
210,48.7630634217332
211,55.094932949712465
212,53.79907213266256
213,60.77117807870709
214,62.663401440930535
215,59.10745961420953
216,57.13235786342076
217,53.56221028243581
218,55.23412634801884
219,45.73849351789381
220,50.861962499471886
221,45.99881330432539
222,52.72380902002065
223,58.0769512909727
224,54.410634257294404
225,60.479411562585554
226,57.62570207157785
227,57.0109790276078
228,58.611169990433986
229,52.24706884960986
230,50.46634931272321
231,52.53576944720076
232,54.10917034283155
233,49.07156588691809
234,46.0997325256738
235,52.94105179750612
236,51.18080439509761
237,42.64954456865857
238,42.68376323643983
239,46.94747933382813
240,45.68685826157922
241,40.16543710338159
242,39.4271495962646
243,43.92879901218399
244,44.42160814145051
245,37.57038751557451
246,37.38833113990782
247,39.07616974760614
248,39.34213351240345
249,33.40496607759806
250,32.84899659231905
251,37.76656397714675
252,37.064160211507335
253,30.447243793017872
254,28.407288762028177
255,34.130634704093914
256,34.63419780016821
257,28.40996549156269
258,31.7248362800918
259,36.78896523146424
260,25.869824673966292
261,26.282529525943133
262,36.0769307188314
263,32.12398056236912
264,26.273924702729246
265,25.849384164497906
266,20.897963609954306
267,25.856318446418413
268,32.1698365718403
269,31.90158694475772
270,28.511361249786773
271,34.59277499853237
272,24.12256725157918
273,26.629521614012404
274,33.226655281851656
275,26.641129348385547
276,24.447678545370444
277,31.614026474216942
278,36.99351304807802
279,23.27394641247985
280,26.07066693405884
281,32.84444891885229
282,35.09925620060022
283,26.249764105183118
284,30.454578025716106
285,37.02563689286978
286,33.186767679209055
287,29.697073678687538
288,34.88524912118429
289,37.7820137425759
290,34.83610531339702
291,35.892971829167834
292,40.44174611469181
293,41.563779283976665
294,37.806306777487215
295,38.22616161236031
296,43.900155084229695
297,44.67773466315361
298,47.27768347862361
299,42.30245687938715
300,49.19711384022227
301,55.23208739719893
302,48.763267311519314
303,49.81308473732581
304,54.700721543340634
305,54.8755435961654
306,53.937793221525894
307,56.4675962743693
308,62.3410527573527
309,62.18723772268088
310,58.18362569500856
311,63.23283183841566
312,59.56362565591166
313,61.93338704178361
314,61.387157366649696
315,55.16182553692917
316,56.72778146070193
317,57.332882299990764
318,54.07863814643429
319,52.088505589679556
320,51.89076629306004
321,50.96161083394793
322,46.105427737487275
323,48.45455373526737
324,46.57954235105724
325,42.97692757754399
326,42.10351957275476
327,38.24792275551215
328,39.839370082531296
329,38.78725068009811
330,35.644109622268594
331,34.61663475596357
332,32.7129235669366
333,33.504888402345564
334,31.883914809107146
335,28.174907790121654
336,27.936283664040154
337,29.85602670193694
338,29.10021273927279
339,21.360566748791275
340,22.79751809151755
341,25.175717130234446
342,20.305647723472298
343,21.064053356182423
344,14.04151721438334
345,16.972816500928197
346,22.45367914140449
347,14.978118337000796
348,11.953672966912388
349,18.986235944296904
