pos,GNAI_distance
67,46.539128405646174
68,42.416462757465816
69,41.05410087737052
70,41.2955783883853
71,42.15223950499638
72,37.99880364523151
73,36.54165311006877
74,36.392561726761436
75,34.97246731575867
76,30.253279805197888
77,31.940944280722345
78,32.69122694724177
79,30.409729848142096
80,26.12224724290972
81,28.00719156076556
82,29.112720636878684
83,23.63693594474829
84,20.433570003329365
85,24.24618541386248
86,22.534028422943443
87,16.82976438212997
88,17.36773727565315
89,24.200000084331645
90,19.777560113058975
91,13.608438506527655
92,17.23998019311271
93,22.534298612434743
94,15.020332347840354
95,11.885903411921568
96,18.171338010368018
97,24.45176714419299
98,19.34269498354498
99,10.528290670732835
100,14.768008794934675
101,14.944919147929046
102,11.052531211190844
103,4.8357043044930865
104,5.529508217219938
105,4.0883713630129215
106,6.556221720614733
107,11.59494030433228
108,9.83032198962433
109,6.213466792899647
110,17.63544812686847
111,16.49349297742781
112,11.643212777099789
113,14.622975101612614
114,19.777771022610946
115,18.266705560923498
116,15.656614230921257
117,20.624170866616367
118,24.473448046869706
119,22.646710320106795
120,22.042512458264873
121,26.59726255397811
122,27.73998780940176
123,28.311236150548712
124,30.399456404829703
125,34.29348065119971
126,30.64851928653126
127,34.98691984535505
128,38.372450360673
129,40.60388940298054
130,41.094763111994276
131,41.12179879518271
132,44.61458892459594
133,44.982152830033066
134,46.07973198093362
135,36.96598286935055
136,43.555764287280155
137,39.719304231695844
138,41.42263490396926
139,42.85078415678875
140,39.10746745090018
141,37.736752659160835
142,39.22105731140672
143,39.522113111598706
144,35.53780172061265
145,33.810580083650756
146,36.51719923699722
147,30.872777801462277
148,29.143016643698193
149,29.55397396048519
150,32.591911747968865
151,24.802920617248365
152,24.424803847472717
153,24.424593530679605
154,26.460623271335105
155,21.52392401373105
156,17.007776609622148
157,20.789115801470658
158,21.366325476453586
159,15.574759904705207
160,12.309309879336098
161,16.350704962606486
162,13.672652341084623
163,7.163018958338311
164,10.016650403950528
165,12.206711520594967
166,5.779336140252243
167,3.7349367673110088
168,12.229478760614699
169,10.240929472883433
170,3.710017858863665
171,3.821114595158342
172,8.100136453082303
173,10.921795546498341
174,4.568093975023378
175,4.040737879049384
176,6.396460996218356
177,4.008306231103216
178,4.528811525005873
179,4.445793367722189
180,10.13333194270453
181,2.539189187612297
182,5.124722264342481
183,7.7796588144948915
184,6.2390179830934445
185,9.366852309883537
186,9.630321430377938
187,12.733148228321873
188,11.558355430779391
189,15.771435321402736
190,16.486197791136846
191,16.7952771683118
192,19.82478338122355
193,18.340544280854296
194,20.44785482388795
195,22.95260457171482
196,21.301387954631394
197,23.089423250231466
198,28.168560433089276
199,27.86088610052718
200,28.510837669250648
201,31.652424881793046
202,31.606886149750476
203,32.79594570019723
204,33.05584154592323
205,34.74048787900295
206,41.19540345762251
207,37.71905644301782
208,37.53961887286273
209,44.48717347751832
210,43.08909880229487
211,47.682442060712454
212,49.370791507144666
213,48.88847003018971
214,52.34082151395723
215,50.674309187663
216,47.59453113430316
217,47.63240271731877
218,45.17874853956532
219,38.19193465000374
220,40.54188064675414
221,36.89596109654396
222,45.02203385167565
223,48.47769017914173
224,45.52294516712807
225,51.17139114793872
226,46.69572391403325
227,45.09783028422306
228,44.64123821572841
229,40.49250271880592
230,40.80181642773633
231,39.181805527729765
232,38.666374422414734
233,37.27959092212266
234,34.75863451015181
235,37.312401614948044
236,35.264397975563405
237,30.088681712143526
238,29.34583670358933
239,27.653853676908994
240,29.906399020409857
241,27.298482365448503
242,23.290171133338404
243,22.6007547455231
244,25.05485970416876
245,23.262953861285606
246,20.153129708908548
247,18.121190605074144
248,20.74183134904948
249,17.649542177082335
250,13.105478413614883
251,15.119132993270483
252,16.515566014853427
253,12.181985141607353
254,6.7553874906426055
255,11.331362990131373
256,13.364216692505485
257,4.0938512370454205
258,7.2004226345917
259,13.809539360446841
260,3.6982356363110176
261,3.7295853220750113
262,13.44928970207273
263,8.883704359971256
264,4.295132972502855
265,3.667232032413632
266,3.414426951510048
267,4.148471363213632
268,9.019348397426961
269,7.934263916515129
270,3.7625682653133627
271,11.05529661853046
272,4.968744583735395
273,4.028626355401636
274,9.667643907537169
275,10.386402348956949
276,5.488481810815956
277,9.742623173802937
278,15.299060456046071
279,5.360356923288468
280,4.181479976601655
281,9.626532619328671
282,14.096737263415008
283,6.82826270162309
284,5.525269536789917
285,12.39190173725006
286,11.502215026854165
287,7.692998932472655
288,10.764343942289722
289,14.760645673537567
290,14.38310771228447
291,16.5968547364805
292,16.82174959872952
293,19.474375262271245
294,18.772306765854854
295,21.73909628528993
296,21.86409369564874
297,24.253518011243358
298,29.62035088744
299,24.58810487711329
300,28.021804540964034
301,36.782359667322844
302,31.424137078191944
303,31.6143146914391
304,33.581425363830625
305,38.56849317326017
306,36.532173355090634
307,37.75341327248742
308,42.49105436980094
309,44.36273696549135
310,38.892135413748015
311,43.679511532051556
312,43.45142207804292
313,43.35592044930523
314,44.845843221874176
315,36.16499593468237
316,38.987952422577486
317,40.97727374780093
318,38.02490359247016
319,33.35847751035643
320,35.76837500280631
321,36.70040047325581
322,28.08917268470414
323,29.635462126253287
324,31.73249202302339
325,27.668078150891446
326,23.919981738044847
327,21.675962807824718
328,27.93594094306831
329,22.99882188324478
330,16.548918870548917
331,20.400917788791745
332,20.557456715717365
333,16.11694696174877
334,14.848941953280132
335,14.831048594433854
336,15.588919418908946
337,11.544182931594746
338,8.838802572496663
339,9.79839489529714
340,14.519808402340313
341,9.253840542681294
342,4.257514768244916
343,4.317063541364804
344,3.7072446701264163
345,8.463444001314413
346,7.704799431938796
347,4.745315475240374
348,10.986937720637435
349,13.77775652027242
